{
  "postsynth": {
    "tt_025C_1v80": {
      "wns": 7.427166437423693,
      "tns": 0.0,
      "whs": 3.095858847057542,
      "ths": 0.0
    },
    "tt_100C_1v80": {
      "wns": 7.511389732428597,
      "tns": 0.0,
      "whs": 3.144575155822338,
      "ths": 0.0
    },
    "ff_100C_1v65": {
      "wns": 8.156191277919334,
      "tns": 0.0,
      "whs": 2.490826711554206,
      "ths": 0.0
    },
    "ff_100C_1v95": {
      "wns": 8.79210482196413,
      "tns": 0.0,
      "whs": 1.9595444711306698,
      "ths": 0.0
    },
    "ff_n40C_1v56": {
      "wns": 7.3488286567169325,
      "tns": 0.0,
      "whs": 2.91549340225572,
      "ths": 0.0
    },
    "ff_n40C_1v65": {
      "wns": 7.824104919507135,
      "tns": 0.0,
      "whs": 2.550921696098385,
      "ths": 0.0
    },
    "ff_n40C_1v76": {
      "wns": 8.247863725330262,
      "tns": 0.0,
      "whs": 2.2434309965291277,
      "ths": 0.0
    },
    "ff_n40C_1v95": {
      "wns": 8.7440970020225,
      "tns": 0.0,
      "whs": 1.874720101380234,
      "ths": 0.0
    },
    "ss_100C_1v40": {
      "wns": 6.214575520857579,
      "tns": 0.0,
      "whs": 9.053446325957282,
      "ths": 0.0
    },
    "ss_100C_1v60": {
      "wns": 4.004357290199323,
      "tns": 0.0,
      "whs": 6.420393661166202,
      "ths": 0.0
    },
    "ss_n40C_1v28": {
      "wns": -1.8217139796661286,
      "tns": -5.588137355516665,
      "whs": 1.8296044679289025,
      "ths": 0.0
    },
    "ss_n40C_1v35": {
      "wns": -8.942519613697186,
      "tns": -2.0930419850628823,
      "whs": 1.3475216498193276,
      "ths": 0.0
    },
    "ss_n40C_1v40": {
      "wns": -4.9181130279407625,
      "tns": -8.007295377865375,
      "whs": 1.1249114972855523,
      "ths": 0.0
    },
    "ss_n40C_1v44": {
      "wns": -2.5810500403622427,
      "tns": -1.886633924641501,
      "whs": 9.909010278974506,
      "ths": 0.0
    },
    "ss_n40C_1v60": {
      "wns": 2.652361885679966,
      "tns": 0.0,
      "whs": 6.628263493624331,
      "ths": 0.0
    },
    "ss_n40C_1v76": {
      "wns": 5.078990117368676,
      "tns": 0.0,
      "whs": 5.038378048105585,
      "ths": 0.0
    }
  },
  "postplace": {
    "tt_025C_1v80": {
      "wns": 7.2713559617909596,
      "tns": 0.0,
      "whs": 3.088671263196119,
      "ths": 0.0
    },
    "tt_100C_1v80": {
      "wns": 7.379319377776028,
      "tns": 0.0,
      "whs": 3.1380514853296404,
      "ths": 0.0
    },
    "ff_100C_1v65": {
      "wns": 8.17903611505244,
      "tns": 0.0,
      "whs": 2.4735624659655286,
      "ths": 0.0
    },
    "ff_100C_1v95": {
      "wns": 8.819370123092085,
      "tns": 0.0,
      "whs": 1.955751532944916,
      "ths": 0.0
    },
    "ff_n40C_1v56": {
      "wns": 7.328288642582947,
      "tns": 0.0,
      "whs": 2.895942097236315,
      "ths": 0.0
    },
    "ff_n40C_1v65": {
      "wns": 7.838030668949614,
      "tns": 0.0,
      "whs": 2.544268962179075,
      "ths": 0.0
    },
    "ff_n40C_1v76": {
      "wns": 8.287778463511586,
      "tns": 0.0,
      "whs": 2.225947620670965,
      "ths": 0.0
    },
    "ff_n40C_1v95": {
      "wns": 8.794692085700717,
      "tns": 0.0,
      "whs": 1.8582518857002128,
      "ths": 0.0
    },
    "ss_100C_1v40": {
      "wns": -1.6434764660289147,
      "tns": -1.3670709009261373,
      "whs": 8.810571161532721,
      "ths": 0.0
    },
    "ss_100C_1v60": {
      "wns": 3.4928291370306397,
      "tns": 0.0,
      "whs": 6.240898908771442,
      "ths": 0.0
    },
    "ss_n40C_1v28": {
      "wns": -2.04871657416561,
      "tns": -5.869941560376901,
      "whs": 1.767090918036729,
      "ths": 0.0
    },
    "ss_n40C_1v35": {
      "wns": -1.038494978899962,
      "tns": -1.9368119410501095,
      "whs": 1.2988508046873903,
      "ths": 0.0
    },
    "ss_n40C_1v40": {
      "wns": -6.131541496756654,
      "tns": -6.858147685306903,
      "whs": 1.08780651153495,
      "ths": 0.0
    },
    "ss_n40C_1v44": {
      "wns": -3.62593333136374,
      "tns": -1.2645307378988946,
      "whs": 9.570630954414128,
      "ths": 0.0
    },
    "ss_n40C_1v60": {
      "wns": 1.9734960332584706,
      "tns": 0.0,
      "whs": 6.399304419701934,
      "ths": 0.0
    },
    "ss_n40C_1v76": {
      "wns": 4.607751957763639,
      "tns": 0.0,
      "whs": 4.851322121801616,
      "ths": 0.0
    }
  },
  "postcts": {
    "tt_025C_1v80": {
      "wns": 7.241783617217834,
      "tns": 0.0,
      "whs": 3.020718120083643,
      "ths": 0.0
    },
    "tt_100C_1v80": {
      "wns": 7.351510511455217,
      "tns": 0.0,
      "whs": 3.07304848234935,
      "ths": 0.0
    },
    "ff_100C_1v65": {
      "wns": 8.149231511822563,
      "tns": 0.0,
      "whs": 2.4201335380169553,
      "ths": 0.0
    },
    "ff_100C_1v95": {
      "wns": 8.793385575245338,
      "tns": 0.0,
      "whs": 1.9075774293497716,
      "ths": 0.0
    },
    "ff_n40C_1v56": {
      "wns": 7.295580140009861,
      "tns": 0.0,
      "whs": 2.826174294590089,
      "ths": 0.0
    },
    "ff_n40C_1v65": {
      "wns": 7.804018764545617,
      "tns": 0.0,
      "whs": 2.480320393516422,
      "ths": 0.0
    },
    "ff_n40C_1v76": {
      "wns": 8.255623740183182,
      "tns": 0.0,
      "whs": 2.180718938760151,
      "ths": 0.0
    },
    "ff_n40C_1v95": {
      "wns": 8.76621886192197,
      "tns": 0.0,
      "whs": 1.8296586468125042,
      "ths": 0.0
    },
    "ss_100C_1v40": {
      "wns": -2.3582380492825905,
      "tns": -2.030089873983343,
      "whs": 8.837233167469094,
      "ths": 0.0
    },
    "ss_100C_1v60": {
      "wns": 3.4392408920780326,
      "tns": 0.0,
      "whs": 6.247525274893917,
      "ths": 0.0
    },
    "ss_n40C_1v28": {
      "wns": -2.0631397035231203,
      "tns": -5.931266514380695,
      "whs": 1.7412018493700998,
      "ths": 0.0
    },
    "ss_n40C_1v35": {
      "wns": -1.0514933812544314,
      "tns": -1.978361751753255,
      "whs": 1.2904357582499415,
      "ths": 0.0
    },
    "ss_n40C_1v40": {
      "wns": -6.24235596546896,
      "tns": -7.19814693184162,
      "whs": 1.0794479754494546,
      "ths": 0.0
    },
    "ss_n40C_1v44": {
      "wns": -3.714310636837581,
      "tns": -1.4162958450469887,
      "whs": 9.504791398384782,
      "ths": 0.0
    },
    "ss_n40C_1v60": {
      "wns": 1.9096626502346226,
      "tns": 0.0,
      "whs": 6.402929297877336,
      "ths": 0.0
    },
    "ss_n40C_1v76": {
      "wns": 4.567364708663035,
      "tns": 0.0,
      "whs": 4.802918063262496,
      "ths": 0.0
    }
  },
  "postroute": {
    "tt_025C_1v80": {
      "wns": 5.614169129586344,
      "tns": 0.0,
      "whs": 2.9248514721302854,
      "ths": 0.0
    },
    "tt_100C_1v80": {
      "wns": 5.808608261048676,
      "tns": 0.0,
      "whs": 2.9846924931575813,
      "ths": 0.0
    },
    "ff_100C_1v65": {
      "wns": 6.760198623112501,
      "tns": 0.0,
      "whs": 2.3589785680400155,
      "ths": 0.0
    },
    "ff_100C_1v95": {
      "wns": 7.76156738879763,
      "tns": 0.0,
      "whs": 1.86527959744609,
      "ths": 0.0
    },
    "ff_n40C_1v56": {
      "wns": 5.268936842384164,
      "tns": 0.0,
      "whs": 2.7138924441061363,
      "ths": 0.0
    },
    "ff_n40C_1v65": {
      "wns": 6.119451168018486,
      "tns": 0.0,
      "whs": 2.390526665507764,
      "ths": 0.0
    },
    "ff_n40C_1v76": {
      "wns": 6.854450784743449,
      "tns": 0.0,
      "whs": 2.119233122321873,
      "ths": 0.0
    },
    "ff_n40C_1v95": {
      "wns": 7.664580081723216,
      "tns": 0.0,
      "whs": 1.7900064763765045,
      "ths": 0.0
    },
    "ss_100C_1v40": {
      "wns": -4.901785644051415,
      "tns": -6.341936682474625,
      "whs": 8.588898481320939,
      "ths": 0.0
    },
    "ss_100C_1v60": {
      "wns": 3.53189477664273,
      "tns": 0.0,
      "whs": 6.090303816819187,
      "ths": 0.0
    },
    "ss_n40C_1v28": {
      "wns": -3.646461976813953,
      "tns": -1.557138421048876,
      "whs": 1.6140693226418534,
      "ths": 0.0
    },
    "ss_n40C_1v35": {
      "wns": -2.10158539459826,
      "tns": -7.570308753201971,